{"cameraMode":{"drawMode":0,"name":"Shaded","section":"Shading Mode"},"sceneLighting":true,"audioPlay":false,"sceneViewState":{"showFog":true,"showMaterialUpdate":false,"showSkybox":true,"showFlares":true,"showImageEffects":true,"showParticleSystems":true},"in2DMode":false,"pivot":{"x":-4.560016632080078,"y":9.094595909118653,"z":-5.142988681793213},"rotation":{"x":0.1712401807308197,"y":0.12086102366447449,"z":-0.021168138831853868,"w":0.9775693416595459},"size":2.8578836917877199,"orthographic":false}