{"cameraMode":{"drawMode":0,"name":"Shaded","section":"Shading Mode"},"sceneLighting":true,"audioPlay":false,"sceneViewState":{"showFog":true,"showMaterialUpdate":false,"showSkybox":true,"showFlares":true,"showImageEffects":true,"showParticleSystems":true},"in2DMode":false,"pivot":{"x":-0.5183916091918945,"y":4.369879722595215,"z":-0.9425773620605469},"rotation":{"x":-0.0012207516701892019,"y":0.9295104146003723,"z":-0.003076142631471157,"w":-0.3687806725502014},"size":10.0,"orthographic":false}