{"cameraMode":{"drawMode":0,"name":"Shaded","section":"Shading Mode"},"sceneLighting":true,"audioPlay":false,"sceneViewState":{"showFog":true,"showMaterialUpdate":false,"showSkybox":true,"showFlares":true,"showImageEffects":true,"showParticleSystems":true},"in2DMode":false,"pivot":{"x":0.7246189117431641,"y":-5.71557092666626,"z":13.075815200805664},"rotation":{"x":0.30526572465896609,"y":-0.00481810187920928,"z":0.001584592624567449,"w":0.9522994756698608},"size":13.263324737548829,"orthographic":false}