{"cameraMode":{"drawMode":0,"name":"Shaded","section":"Shading Mode"},"sceneLighting":true,"audioPlay":false,"sceneViewState":{"showFog":true,"showMaterialUpdate":false,"showSkybox":true,"showFlares":true,"showImageEffects":true,"showParticleSystems":true},"in2DMode":false,"pivot":{"x":0.45080530643463137,"y":4.103082656860352,"z":21.57147789001465},"rotation":{"x":0.3106887638568878,"y":-0.05812219902873039,"z":0.019050756469368936,"w":0.9486081004142761},"size":1.7630645036697388,"orthographic":false}