{"cameraMode":{"drawMode":0,"name":"Shaded","section":"Shading Mode"},"sceneLighting":true,"audioPlay":false,"sceneViewState":{"showFog":true,"showMaterialUpdate":false,"showSkybox":true,"showFlares":true,"showImageEffects":true,"showParticleSystems":true},"in2DMode":false,"pivot":{"x":-0.8832817077636719,"y":1.4498357772827149,"z":25.733190536499025},"rotation":{"x":0.25230810046195986,"y":0.04356130585074425,"z":-0.011249769479036332,"w":0.966654360294342},"size":1.763063907623291,"orthographic":false}