{"cameraMode":{"drawMode":0,"name":"Shaded","section":"Shading Mode"},"sceneLighting":true,"audioPlay":false,"sceneViewState":{"showFog":true,"showMaterialUpdate":false,"showSkybox":true,"showFlares":true,"showImageEffects":true,"showParticleSystems":true},"in2DMode":false,"pivot":{"x":-0.44846317172050478,"y":10.136277198791504,"z":80.07855987548828},"rotation":{"x":-0.3454987406730652,"y":0.014631826430559159,"z":-0.005402333568781614,"w":-0.9383073449134827},"size":1.7630634307861329,"orthographic":false}